{
"lengthUnit": "mil",
"remark": [],
"components": {
	"fields": ["COMPONENT_NO", "COMPONENT_NAME", "LAYER", "X_COORDINATE", "Y_COORDINATE", "ANGLE"],
	"rows": [
		[1, "C1", "T", 720, 175, 0],
		[2, "C2", "T", 2455, 285, 180],
		[3, "C3", "T", 1760, 145, 0],
		[4, "C5", "T", 2275, 1135, 0],
		[5, "C6", "T", 2300, 1255, 180],
		[6, "C7", "T", 2675, 900, 0],
		[7, "D2", "T", 2215, 1060, 0],
		[8, "LED1", "T", 2660, 215, 180],
		[9, "LED2", "T", 1775, 340, 180],
		[10, "LED3", "T", 715, 310, 180],
		[11, "LED4", "T", 2510, 890, 0],
		[12, "R1", "T", 2200, 900, 0],
		[13, "R2", "T", 1965, 170, 0],
		[14, "R3", "T", 935, 255, 0],
		[15, "R4", "T", 2725, 125, 180],
		[16, "U1", "T", 1880, 905, 270],
		[17, "USB1", "T", 920, -55, 0],
		[18, "USB2", "T", 1580, -55, 0],
		[19, "USB3", "T", 2380, -55, 0],
		[20, "USB-MAIN", "T", 2860, 900, 90],
		[21, "PAD1", "T", 2701.35, 215, 0],
		[22, "PAD2", "T", 2618.65, 215, 0],
		[23, "PAD3", "T", 1816.35, 340, 0],
		[24, "PAD4", "T", 1733.65, 340, 0],
		[25, "PAD5", "T", 756.35, 310, 0],
		[26, "PAD6", "T", 673.65, 310, 0],
		[27, "PAD7", "T", 2468.65, 890, 0],
		[28, "PAD8", "T", 2551.35, 890, 0],
		[29, "PAD9", "T", 747.56, 175, 0],
		[30, "PAD10", "T", 692.44, 175, 0],
		[31, "PAD11", "T", 2427.44, 285, 0],
		[32, "PAD12", "T", 2482.56, 285, 0],
		[33, "PAD13", "T", 1787.56, 145, 0],
		[34, "PAD14", "T", 1732.44, 145, 0],
		[35, "PAD15", "T", 2302.56, 1135, 0],
		[36, "PAD16", "T", 2247.44, 1135, 0],
		[37, "PAD17", "T", 2272.44, 1255, 0],
		[38, "PAD18", "T", 2327.56, 1255, 0],
		[39, "PAD19", "T", 2702.56, 900, 0],
		[40, "PAD20", "T", 2647.44, 900, 0],
		[41, "PAD21", "T", 2261.16, 1060, 0],
		[42, "PAD22", "T", 2168.84, 1060, 0],
		[43, "PAD23", "T", 2229.66, 900, 0],
		[44, "PAD24", "T", 2170.34, 900, 0],
		[45, "PAD25", "T", 1994.66, 170, 0],
		[46, "PAD26", "T", 1935.34, 170, 0],
		[47, "PAD27", "T", 964.66, 255, 0],
		[48, "PAD28", "T", 905.34, 255, 0],
		[49, "PAD29", "T", 2695.34, 125, 0],
		[50, "PAD30", "T", 2754.66, 125, 0],
		[51, "PAD31", "T", 1766.91, 980, 0],
		[52, "PAD32", "T", 1766.91, 930, 0],
		[53, "PAD33", "T", 1766.91, 880, 0],
		[54, "PAD34", "T", 1766.91, 830, 0],
		[55, "PAD35", "T", 1766.91, 780, 0],
		[56, "PAD36", "T", 1766.91, 730, 0],
		[57, "PAD37", "T", 1993.09, 1080, 0],
		[58, "PAD38", "T", 1993.09, 980, 0],
		[59, "PAD39", "T", 1993.09, 930, 0],
		[60, "PAD40", "T", 1993.09, 880, 0],
		[61, "PAD41", "T", 1993.09, 830, 0],
		[62, "PAD42", "T", 1993.09, 780, 0],
		[63, "PAD43", "T", 1993.09, 730, 0],
		[64, "PAD44", "T", 644.41, -108.35, 0],
		[65, "PAD44", "B", 644.41, -108.35, 0],
		[66, "PAD45", "T", 1195.59, -108.35, 0],
		[67, "PAD45", "B", 1195.59, -108.35, 0],
		[68, "PAD46", "T", 1057.79, -1.66, 0],
		[69, "PAD46", "B", 1057.79, -1.66, 0],
		[70, "PAD47", "T", 959.37, -1.66, 0],
		[71, "PAD47", "B", 959.37, -1.66, 0],
		[72, "PAD48", "T", 880.63, -1.66, 0],
		[73, "PAD48", "B", 880.63, -1.66, 0],
		[74, "PAD49", "T", 782.2, -1.66, 0],
		[75, "PAD49", "B", 782.2, -1.66, 0],
		[76, "PAD50", "T", 1304.41, -108.35, 0],
		[77, "PAD50", "B", 1304.41, -108.35, 0],
		[78, "PAD51", "T", 1855.59, -108.35, 0],
		[79, "PAD51", "B", 1855.59, -108.35, 0],
		[80, "PAD52", "T", 1717.79, -1.66, 0],
		[81, "PAD52", "B", 1717.79, -1.66, 0],
		[82, "PAD53", "T", 1619.37, -1.66, 0],
		[83, "PAD53", "B", 1619.37, -1.66, 0],
		[84, "PAD54", "T", 1540.63, -1.66, 0],
		[85, "PAD54", "B", 1540.63, -1.66, 0],
		[86, "PAD55", "T", 1442.2, -1.66, 0],
		[87, "PAD55", "B", 1442.2, -1.66, 0],
		[88, "PAD56", "T", 2104.41, -108.35, 0],
		[89, "PAD56", "B", 2104.41, -108.35, 0],
		[90, "PAD57", "T", 2655.59, -108.35, 0],
		[91, "PAD57", "B", 2655.59, -108.35, 0],
		[92, "PAD58", "T", 2517.79, -1.66, 0],
		[93, "PAD58", "B", 2517.79, -1.66, 0],
		[94, "PAD59", "T", 2419.37, -1.66, 0],
		[95, "PAD59", "B", 2419.37, -1.66, 0],
		[96, "PAD60", "T", 2340.63, -1.66, 0],
		[97, "PAD60", "B", 2340.63, -1.66, 0],
		[98, "PAD61", "T", 2242.2, -1.66, 0],
		[99, "PAD61", "B", 2242.2, -1.66, 0],
		[100, "PAD62", "T", 2899.37, 671.65, 0],
		[101, "PAD62", "B", 2899.37, 671.65, 0],
		[102, "PAD63", "T", 2899.37, 1128.35, 0],
		[103, "PAD63", "B", 2899.37, 1128.35, 0],
		[104, "PAD64", "T", 2820.63, 1037.79, 0],
		[105, "PAD64", "B", 2820.63, 1037.79, 0],
		[106, "PAD65", "T", 2820.63, 939.37, 0],
		[107, "PAD65", "B", 2820.63, 939.37, 0],
		[108, "PAD66", "T", 2820.63, 860.63, 0],
		[109, "PAD66", "B", 2820.63, 860.63, 0],
		[110, "PAD67", "T", 2820.63, 762.2, 0],
		[111, "PAD67", "B", 2820.63, 762.2, 0]
	]
},
"pins": {
	"fields": ["PIN_NO", "PIN_NAME", "PIN_X", "PIN_Y", "LAYER", "PIN_TYPE", "NET_NAME", "NET_TYPE", "PAD_SHAPE", "PAD_SIZEX", "PAD_SIZEY", "HOLE_SIZE", "HOLE_LEN", "PAD_ANGLE"],
	"rows": [
		[1, "C1_1", 692.44, 175, "T", "SMD", "C1_1", "", "R", 31.496, 35.433, 0, 0, 0],
		[2, "C1_2", 747.56, 175, "T", "SMD", "GND", "GND", "R", 31.496, 35.433, 0, 0, 0],
		[3, "C2_1", 2482.56, 285, "T", "SMD", "C2_1", "", "R", 31.496, 35.433, 0, 0, 180],
		[4, "C2_2", 2427.44, 285, "T", "SMD", "GND", "GND", "R", 31.496, 35.433, 0, 0, 180],
		[5, "C3_1", 1732.44, 145, "T", "SMD", "C3_1", "", "R", 31.496, 35.433, 0, 0, 0],
		[6, "C3_2", 1787.56, 145, "T", "SMD", "GND", "GND", "R", 31.496, 35.433, 0, 0, 0],
		[7, "C5_1", 2247.44, 1135, "T", "SMD", "U1_14", "", "R", 31.496, 35.433, 0, 0, 0],
		[8, "C5_2", 2302.56, 1135, "T", "SMD", "GND", "GND", "R", 31.496, 35.433, 0, 0, 0],
		[9, "C6_1", 2327.56, 1255, "T", "SMD", "U1_13", "", "R", 31.496, 35.433, 0, 0, 180],
		[10, "C6_2", 2272.44, 1255, "T", "SMD", "GND", "GND", "R", 31.496, 35.433, 0, 0, 180],
		[11, "C7_1", 2647.44, 900, "T", "SMD", "C7_1", "", "R", 31.496, 35.433, 0, 0, 0],
		[12, "C7_2", 2702.56, 900, "T", "SMD", "GND", "GND", "R", 31.496, 35.433, 0, 0, 0],
		[13, "D2_1", 2168.84, 1060, "T", "SMD", "+5V", "", "R", 39.37, 29.528, 0, 0, 0],
		[14, "D2_2", 2261.16, 1060, "T", "SMD", "USB-MAIN_1", "", "R", 39.37, 29.528, 0, 0, 0],
		[15, "LED1_1", 2701.35, 215, "T", "SMD", "R4_1", "", "R", 51.2, 55.1, 0, 0, 180],
		[16, "LED1_2", 2618.65, 215, "T", "SMD", "C2_1", "", "R", 51.2, 55.1, 0, 0, 180],
		[17, "LED2_1", 1816.35, 340, "T", "SMD", "R2_1", "", "R", 51.2, 55.1, 0, 0, 180],
		[18, "LED2_2", 1733.65, 340, "T", "SMD", "C3_1", "", "R", 51.2, 55.1, 0, 0, 180],
		[19, "LED3_1", 756.35, 310, "T", "SMD", "R3_1", "", "R", 51.2, 55.1, 0, 0, 180],
		[20, "LED3_2", 673.65, 310, "T", "SMD", "C1_1", "", "R", 51.2, 55.1, 0, 0, 180],
		[21, "LED4_1", 2468.65, 890, "T", "SMD", "R1_2", "", "R", 51.2, 55.1, 0, 0, 0],
		[22, "LED4_2", 2551.35, 890, "T", "SMD", "C7_1", "", "R", 51.2, 55.1, 0, 0, 0],
		[23, "R1_1", 2170.34, 900, "T", "SMD", "+5V", "", "R", 31.751, 34.016, 0, 0, 0],
		[24, "R1_2", 2229.66, 900, "T", "SMD", "R1_2", "", "R", 31.751, 34.016, 0, 0, 0],
		[25, "R2_1", 1935.34, 170, "T", "SMD", "R2_1", "", "R", 31.751, 34.016, 0, 0, 0],
		[26, "R2_2", 1994.66, 170, "T", "SMD", "+5V", "", "R", 31.751, 34.016, 0, 0, 0],
		[27, "R3_1", 905.34, 255, "T", "SMD", "R3_1", "", "R", 31.751, 34.016, 0, 0, 0],
		[28, "R3_2", 964.66, 255, "T", "SMD", "+5V", "", "R", 31.751, 34.016, 0, 0, 0],
		[29, "R4_1", 2754.66, 125, "T", "SMD", "R4_1", "", "R", 31.751, 34.016, 0, 0, 180],
		[30, "R4_2", 2695.34, 125, "T", "SMD", "+5V", "", "R", 31.751, 34.016, 0, 0, 180],
		[31, "U1_1", 1766.91, 1080, "T", "SMD", "NET_1", "", "O", 22.047, 68.701, 0, 0, 270],
		[32, "U1_2", 1766.91, 1030, "T", "SMD", "NET_2", "", "O", 22.047, 68.701, 0, 0, 270],
		[33, "U1_3", 1766.91, 980, "T", "SMD", "U1_3", "", "O", 22.047, 68.701, 0, 0, 270],
		[34, "U1_4", 1766.91, 930, "T", "SMD", "U1_4", "", "O", 22.047, 68.701, 0, 0, 270],
		[35, "U1_5", 1766.91, 880, "T", "SMD", "USB2_2", "", "O", 22.047, 68.701, 0, 0, 270],
		[36, "U1_6", 1766.91, 830, "T", "SMD", "USB2_3", "", "O", 22.047, 68.701, 0, 0, 270],
		[37, "U1_7", 1766.91, 780, "T", "SMD", "USB3_2", "", "O", 22.047, 68.701, 0, 0, 270],
		[38, "U1_8", 1766.91, 730, "T", "SMD", "USB3_3", "", "O", 22.047, 68.701, 0, 0, 270],
		[39, "U1_9", 1993.09, 730, "T", "SMD", "USB-MAIN_2", "", "O", 22.047, 68.701, 0, 0, 270],
		[40, "U1_10", 1993.09, 780, "T", "SMD", "USB-MAIN_3", "", "O", 22.047, 68.701, 0, 0, 270],
		[41, "U1_11", 1993.09, 830, "T", "SMD", "+5V", "", "O", 22.047, 68.701, 0, 0, 270],
		[42, "U1_12", 1993.09, 880, "T", "SMD", "GND", "GND", "O", 22.047, 68.701, 0, 0, 270],
		[43, "U1_13", 1993.09, 930, "T", "SMD", "U1_13", "", "O", 22.047, 68.701, 0, 0, 270],
		[44, "U1_14", 1993.09, 980, "T", "SMD", "U1_14", "", "O", 22.047, 68.701, 0, 0, 270],
		[45, "U1_15", 1993.09, 1030, "T", "SMD", "NET_3", "", "O", 22.047, 68.701, 0, 0, 270],
		[46, "U1_16", 1993.09, 1080, "T", "SMD", "GND", "GND", "O", 22.047, 68.701, 0, 0, 270],
		[47, "USB1_1", 782.2, -1.66, "T", "DIP", "+5V", "", "R", 60, 60, 36.22, 36.22, 0],
		[48, "USB1_1", 782.2, -1.66, "B", "DIP", "+5V", "", "R", 60, 60, 36.22, 36.22, 0],
		[49, "USB1_2", 880.63, -1.66, "T", "DIP", "U1_3", "", "C", 60, 60, 36.22, 36.22, 0],
		[50, "USB1_2", 880.63, -1.66, "B", "DIP", "U1_3", "", "C", 60, 60, 36.22, 36.22, 0],
		[51, "USB1_3", 959.37, -1.66, "T", "DIP", "U1_4", "", "C", 60, 60, 36.22, 36.22, 0],
		[52, "USB1_3", 959.37, -1.66, "B", "DIP", "U1_4", "", "C", 60, 60, 36.22, 36.22, 0],
		[53, "USB1_4", 1057.79, -1.66, "T", "DIP", "GND", "GND", "C", 60, 60, 36.22, 36.22, 0],
		[54, "USB1_4", 1057.79, -1.66, "B", "DIP", "GND", "GND", "C", 60, 60, 36.22, 36.22, 0],
		[55, "USB1_5", 1195.59, -108.35, "T", "DIP", "GND", "GND", "C", 102.362, 102.362, 82.678, 82.678, 0],
		[56, "USB1_5", 1195.59, -108.35, "B", "DIP", "GND", "GND", "C", 102.362, 102.362, 82.678, 82.678, 0],
		[57, "USB1_6", 644.41, -108.35, "T", "DIP", "GND", "GND", "C", 102.362, 102.362, 82.678, 82.678, 0],
		[58, "USB1_6", 644.41, -108.35, "B", "DIP", "GND", "GND", "C", 102.362, 102.362, 82.678, 82.678, 0],
		[59, "USB2_1", 1442.2, -1.66, "T", "DIP", "+5V", "", "R", 60, 60, 36.22, 36.22, 0],
		[60, "USB2_1", 1442.2, -1.66, "B", "DIP", "+5V", "", "R", 60, 60, 36.22, 36.22, 0],
		[61, "USB2_2", 1540.63, -1.66, "T", "DIP", "USB2_2", "", "C", 60, 60, 36.22, 36.22, 0],
		[62, "USB2_2", 1540.63, -1.66, "B", "DIP", "USB2_2", "", "C", 60, 60, 36.22, 36.22, 0],
		[63, "USB2_3", 1619.37, -1.66, "T", "DIP", "USB2_3", "", "C", 60, 60, 36.22, 36.22, 0],
		[64, "USB2_3", 1619.37, -1.66, "B", "DIP", "USB2_3", "", "C", 60, 60, 36.22, 36.22, 0],
		[65, "USB2_4", 1717.79, -1.66, "T", "DIP", "GND", "GND", "C", 60, 60, 36.22, 36.22, 0],
		[66, "USB2_4", 1717.79, -1.66, "B", "DIP", "GND", "GND", "C", 60, 60, 36.22, 36.22, 0],
		[67, "USB2_5", 1855.59, -108.35, "T", "DIP", "GND", "GND", "C", 102.362, 102.362, 82.678, 82.678, 0],
		[68, "USB2_5", 1855.59, -108.35, "B", "DIP", "GND", "GND", "C", 102.362, 102.362, 82.678, 82.678, 0],
		[69, "USB2_6", 1304.41, -108.35, "T", "DIP", "GND", "GND", "C", 102.362, 102.362, 82.678, 82.678, 0],
		[70, "USB2_6", 1304.41, -108.35, "B", "DIP", "GND", "GND", "C", 102.362, 102.362, 82.678, 82.678, 0],
		[71, "USB3_1", 2242.2, -1.66, "T", "DIP", "+5V", "", "R", 60, 60, 36.22, 36.22, 0],
		[72, "USB3_1", 2242.2, -1.66, "B", "DIP", "+5V", "", "R", 60, 60, 36.22, 36.22, 0],
		[73, "USB3_2", 2340.63, -1.66, "T", "DIP", "USB3_2", "", "C", 60, 60, 36.22, 36.22, 0],
		[74, "USB3_2", 2340.63, -1.66, "B", "DIP", "USB3_2", "", "C", 60, 60, 36.22, 36.22, 0],
		[75, "USB3_3", 2419.37, -1.66, "T", "DIP", "USB3_3", "", "C", 60, 60, 36.22, 36.22, 0],
		[76, "USB3_3", 2419.37, -1.66, "B", "DIP", "USB3_3", "", "C", 60, 60, 36.22, 36.22, 0],
		[77, "USB3_4", 2517.79, -1.66, "T", "DIP", "GND", "GND", "C", 60, 60, 36.22, 36.22, 0],
		[78, "USB3_4", 2517.79, -1.66, "B", "DIP", "GND", "GND", "C", 60, 60, 36.22, 36.22, 0],
		[79, "USB3_5", 2655.59, -108.35, "T", "DIP", "GND", "GND", "C", 102.362, 102.362, 82.678, 82.678, 0],
		[80, "USB3_5", 2655.59, -108.35, "B", "DIP", "GND", "GND", "C", 102.362, 102.362, 82.678, 82.678, 0],
		[81, "USB3_6", 2104.41, -108.35, "T", "DIP", "GND", "GND", "C", 102.362, 102.362, 82.678, 82.678, 0],
		[82, "USB3_6", 2104.41, -108.35, "B", "DIP", "GND", "GND", "C", 102.362, 102.362, 82.678, 82.678, 0],
		[83, "USB-MAIN_1", 2820.63, 1037.79, "T", "DIP", "USB-MAIN_1", "", "R", 62.992, 62.992, 39.37, 39.37, 90],
		[84, "USB-MAIN_1", 2820.63, 1037.79, "B", "DIP", "USB-MAIN_1", "", "R", 62.992, 62.992, 39.37, 39.37, 90],
		[85, "USB-MAIN_2", 2820.63, 939.37, "T", "DIP", "USB-MAIN_2", "", "C", 62.992, 62.992, 39.37, 39.37, 90],
		[86, "USB-MAIN_2", 2820.63, 939.37, "B", "DIP", "USB-MAIN_2", "", "C", 62.992, 62.992, 39.37, 39.37, 90],
		[87, "USB-MAIN_3", 2820.63, 860.63, "T", "DIP", "USB-MAIN_3", "", "C", 62.992, 62.992, 39.37, 39.37, 90],
		[88, "USB-MAIN_3", 2820.63, 860.63, "B", "DIP", "USB-MAIN_3", "", "C", 62.992, 62.992, 39.37, 39.37, 90],
		[89, "USB-MAIN_4", 2820.63, 762.2, "T", "DIP", "GND", "GND", "C", 62.992, 62.992, 39.37, 39.37, 90],
		[90, "USB-MAIN_4", 2820.63, 762.2, "B", "DIP", "GND", "GND", "C", 62.992, 62.992, 39.37, 39.37, 90],
		[91, "USB-MAIN_5", 2899.37, 1128.35, "T", "DIP", "GND", "GND", "R", 62.992, 110.236, 31.496, 98.425, 90],
		[92, "USB-MAIN_5", 2899.37, 1128.35, "B", "DIP", "GND", "GND", "R", 62.992, 110.236, 31.496, 98.425, 90],
		[93, "USB-MAIN_6", 2899.37, 671.65, "T", "DIP", "GND", "GND", "R", 62.992, 110.236, 31.496, 98.425, 90],
		[94, "USB-MAIN_6", 2899.37, 671.65, "B", "DIP", "GND", "GND", "R", 62.992, 110.236, 31.496, 98.425, 90],
		[95, "PAD1_1", 2701.35, 215, "T", "SMD", "R4_1", "", "R", 51.2, 55.1, 0, 0, 180],
		[96, "PAD2_2", 2618.65, 215, "T", "SMD", "C2_1", "", "R", 51.2, 55.1, 0, 0, 180],
		[97, "PAD3_1", 1816.35, 340, "T", "SMD", "R2_1", "", "R", 51.2, 55.1, 0, 0, 180],
		[98, "PAD4_2", 1733.65, 340, "T", "SMD", "C3_1", "", "R", 51.2, 55.1, 0, 0, 180],
		[99, "PAD5_1", 756.35, 310, "T", "SMD", "R3_1", "", "R", 51.2, 55.1, 0, 0, 180],
		[100, "PAD6_2", 673.65, 310, "T", "SMD", "C1_1", "", "R", 51.2, 55.1, 0, 0, 180],
		[101, "PAD7_1", 2468.65, 890, "T", "SMD", "R1_2", "", "R", 51.2, 55.1, 0, 0, 0],
		[102, "PAD8_2", 2551.35, 890, "T", "SMD", "C7_1", "", "R", 51.2, 55.1, 0, 0, 0],
		[103, "PAD9_2", 747.56, 175, "T", "SMD", "GND", "GND", "R", 31.496, 35.433, 0, 0, 0],
		[104, "PAD10_1", 692.44, 175, "T", "SMD", "C1_1", "", "R", 31.496, 35.433, 0, 0, 0],
		[105, "PAD11_2", 2427.44, 285, "T", "SMD", "GND", "GND", "R", 31.496, 35.433, 0, 0, 180],
		[106, "PAD12_1", 2482.56, 285, "T", "SMD", "C2_1", "", "R", 31.496, 35.433, 0, 0, 180],
		[107, "PAD13_2", 1787.56, 145, "T", "SMD", "GND", "GND", "R", 31.496, 35.433, 0, 0, 0],
		[108, "PAD14_1", 1732.44, 145, "T", "SMD", "C3_1", "", "R", 31.496, 35.433, 0, 0, 0],
		[109, "PAD15_2", 2302.56, 1135, "T", "SMD", "GND", "GND", "R", 31.496, 35.433, 0, 0, 0],
		[110, "PAD16_1", 2247.44, 1135, "T", "SMD", "U1_14", "", "R", 31.496, 35.433, 0, 0, 0],
		[111, "PAD17_2", 2272.44, 1255, "T", "SMD", "GND", "GND", "R", 31.496, 35.433, 0, 0, 180],
		[112, "PAD18_1", 2327.56, 1255, "T", "SMD", "U1_13", "", "R", 31.496, 35.433, 0, 0, 180],
		[113, "PAD19_2", 2702.56, 900, "T", "SMD", "GND", "GND", "R", 31.496, 35.433, 0, 0, 0],
		[114, "PAD20_1", 2647.44, 900, "T", "SMD", "C7_1", "", "R", 31.496, 35.433, 0, 0, 0],
		[115, "PAD21_2", 2261.16, 1060, "T", "SMD", "USB-MAIN_1", "", "R", 39.37, 29.528, 0, 0, 0],
		[116, "PAD22_1", 2168.84, 1060, "T", "SMD", "+5V", "", "R", 39.37, 29.528, 0, 0, 0],
		[117, "PAD23_2", 2229.66, 900, "T", "SMD", "R1_2", "", "R", 31.751, 34.016, 0, 0, 0],
		[118, "PAD24_1", 2170.34, 900, "T", "SMD", "+5V", "", "R", 31.751, 34.016, 0, 0, 0],
		[119, "PAD25_2", 1994.66, 170, "T", "SMD", "+5V", "", "R", 31.751, 34.016, 0, 0, 0],
		[120, "PAD26_1", 1935.34, 170, "T", "SMD", "R2_1", "", "R", 31.751, 34.016, 0, 0, 0],
		[121, "PAD27_2", 964.66, 255, "T", "SMD", "+5V", "", "R", 31.751, 34.016, 0, 0, 0],
		[122, "PAD28_1", 905.34, 255, "T", "SMD", "R3_1", "", "R", 31.751, 34.016, 0, 0, 0],
		[123, "PAD29_2", 2695.34, 125, "T", "SMD", "+5V", "", "R", 31.751, 34.016, 0, 0, 180],
		[124, "PAD30_1", 2754.66, 125, "T", "SMD", "R4_1", "", "R", 31.751, 34.016, 0, 0, 180],
		[125, "PAD31_3", 1766.91, 980, "T", "SMD", "U1_3", "", "O", 22.047, 68.701, 0, 0, 270],
		[126, "PAD32_4", 1766.91, 930, "T", "SMD", "U1_4", "", "O", 22.047, 68.701, 0, 0, 270],
		[127, "PAD33_5", 1766.91, 880, "T", "SMD", "USB2_2", "", "O", 22.047, 68.701, 0, 0, 270],
		[128, "PAD34_6", 1766.91, 830, "T", "SMD", "USB2_3", "", "O", 22.047, 68.701, 0, 0, 270],
		[129, "PAD35_7", 1766.91, 780, "T", "SMD", "USB3_2", "", "O", 22.047, 68.701, 0, 0, 270],
		[130, "PAD36_8", 1766.91, 730, "T", "SMD", "USB3_3", "", "O", 22.047, 68.701, 0, 0, 270],
		[131, "PAD37_16", 1993.09, 1080, "T", "SMD", "GND", "GND", "O", 22.047, 68.701, 0, 0, 270],
		[132, "PAD38_14", 1993.09, 980, "T", "SMD", "U1_14", "", "O", 22.047, 68.701, 0, 0, 270],
		[133, "PAD39_13", 1993.09, 930, "T", "SMD", "U1_13", "", "O", 22.047, 68.701, 0, 0, 270],
		[134, "PAD40_12", 1993.09, 880, "T", "SMD", "GND", "GND", "O", 22.047, 68.701, 0, 0, 270],
		[135, "PAD41_11", 1993.09, 830, "T", "SMD", "+5V", "", "O", 22.047, 68.701, 0, 0, 270],
		[136, "PAD42_10", 1993.09, 780, "T", "SMD", "USB-MAIN_3", "", "O", 22.047, 68.701, 0, 0, 270],
		[137, "PAD43_9", 1993.09, 730, "T", "SMD", "USB-MAIN_2", "", "O", 22.047, 68.701, 0, 0, 270],
		[138, "PAD44_6", 644.41, -108.35, "T", "DIP", "GND", "GND", "C", 102.362, 102.362, 82.678, 82.678, 0],
		[139, "PAD44_6", 644.41, -108.35, "B", "DIP", "GND", "GND", "C", 102.362, 102.362, 82.678, 82.678, 0],
		[140, "PAD45_5", 1195.59, -108.35, "T", "DIP", "GND", "GND", "C", 102.362, 102.362, 82.678, 82.678, 0],
		[141, "PAD45_5", 1195.59, -108.35, "B", "DIP", "GND", "GND", "C", 102.362, 102.362, 82.678, 82.678, 0],
		[142, "PAD46_4", 1057.79, -1.66, "T", "DIP", "GND", "GND", "C", 60, 60, 36.22, 36.22, 0],
		[143, "PAD46_4", 1057.79, -1.66, "B", "DIP", "GND", "GND", "C", 60, 60, 36.22, 36.22, 0],
		[144, "PAD47_3", 959.37, -1.66, "T", "DIP", "U1_4", "", "C", 60, 60, 36.22, 36.22, 0],
		[145, "PAD47_3", 959.37, -1.66, "B", "DIP", "U1_4", "", "C", 60, 60, 36.22, 36.22, 0],
		[146, "PAD48_2", 880.63, -1.66, "T", "DIP", "U1_3", "", "C", 60, 60, 36.22, 36.22, 0],
		[147, "PAD48_2", 880.63, -1.66, "B", "DIP", "U1_3", "", "C", 60, 60, 36.22, 36.22, 0],
		[148, "PAD49_1", 782.2, -1.66, "T", "DIP", "+5V", "", "R", 60, 60, 36.22, 36.22, 0],
		[149, "PAD49_1", 782.2, -1.66, "B", "DIP", "+5V", "", "R", 60, 60, 36.22, 36.22, 0],
		[150, "PAD50_6", 1304.41, -108.35, "T", "DIP", "GND", "GND", "C", 102.362, 102.362, 82.678, 82.678, 0],
		[151, "PAD50_6", 1304.41, -108.35, "B", "DIP", "GND", "GND", "C", 102.362, 102.362, 82.678, 82.678, 0],
		[152, "PAD51_5", 1855.59, -108.35, "T", "DIP", "GND", "GND", "C", 102.362, 102.362, 82.678, 82.678, 0],
		[153, "PAD51_5", 1855.59, -108.35, "B", "DIP", "GND", "GND", "C", 102.362, 102.362, 82.678, 82.678, 0],
		[154, "PAD52_4", 1717.79, -1.66, "T", "DIP", "GND", "GND", "C", 60, 60, 36.22, 36.22, 0],
		[155, "PAD52_4", 1717.79, -1.66, "B", "DIP", "GND", "GND", "C", 60, 60, 36.22, 36.22, 0],
		[156, "PAD53_3", 1619.37, -1.66, "T", "DIP", "USB2_3", "", "C", 60, 60, 36.22, 36.22, 0],
		[157, "PAD53_3", 1619.37, -1.66, "B", "DIP", "USB2_3", "", "C", 60, 60, 36.22, 36.22, 0],
		[158, "PAD54_2", 1540.63, -1.66, "T", "DIP", "USB2_2", "", "C", 60, 60, 36.22, 36.22, 0],
		[159, "PAD54_2", 1540.63, -1.66, "B", "DIP", "USB2_2", "", "C", 60, 60, 36.22, 36.22, 0],
		[160, "PAD55_1", 1442.2, -1.66, "T", "DIP", "+5V", "", "R", 60, 60, 36.22, 36.22, 0],
		[161, "PAD55_1", 1442.2, -1.66, "B", "DIP", "+5V", "", "R", 60, 60, 36.22, 36.22, 0],
		[162, "PAD56_6", 2104.41, -108.35, "T", "DIP", "GND", "GND", "C", 102.362, 102.362, 82.678, 82.678, 0],
		[163, "PAD56_6", 2104.41, -108.35, "B", "DIP", "GND", "GND", "C", 102.362, 102.362, 82.678, 82.678, 0],
		[164, "PAD57_5", 2655.59, -108.35, "T", "DIP", "GND", "GND", "C", 102.362, 102.362, 82.678, 82.678, 0],
		[165, "PAD57_5", 2655.59, -108.35, "B", "DIP", "GND", "GND", "C", 102.362, 102.362, 82.678, 82.678, 0],
		[166, "PAD58_4", 2517.79, -1.66, "T", "DIP", "GND", "GND", "C", 60, 60, 36.22, 36.22, 0],
		[167, "PAD58_4", 2517.79, -1.66, "B", "DIP", "GND", "GND", "C", 60, 60, 36.22, 36.22, 0],
		[168, "PAD59_3", 2419.37, -1.66, "T", "DIP", "USB3_3", "", "C", 60, 60, 36.22, 36.22, 0],
		[169, "PAD59_3", 2419.37, -1.66, "B", "DIP", "USB3_3", "", "C", 60, 60, 36.22, 36.22, 0],
		[170, "PAD60_2", 2340.63, -1.66, "T", "DIP", "USB3_2", "", "C", 60, 60, 36.22, 36.22, 0],
		[171, "PAD60_2", 2340.63, -1.66, "B", "DIP", "USB3_2", "", "C", 60, 60, 36.22, 36.22, 0],
		[172, "PAD61_1", 2242.2, -1.66, "T", "DIP", "+5V", "", "R", 60, 60, 36.22, 36.22, 0],
		[173, "PAD61_1", 2242.2, -1.66, "B", "DIP", "+5V", "", "R", 60, 60, 36.22, 36.22, 0],
		[174, "PAD62_6", 2899.37, 671.65, "T", "DIP", "GND", "GND", "R", 62.992, 110.236, 31.496, 98.425, 90],
		[175, "PAD62_6", 2899.37, 671.65, "B", "DIP", "GND", "GND", "R", 62.992, 110.236, 31.496, 98.425, 90],
		[176, "PAD63_5", 2899.37, 1128.35, "T", "DIP", "GND", "GND", "R", 62.992, 110.236, 31.496, 98.425, 90],
		[177, "PAD63_5", 2899.37, 1128.35, "B", "DIP", "GND", "GND", "R", 62.992, 110.236, 31.496, 98.425, 90],
		[178, "PAD64_1", 2820.63, 1037.79, "T", "DIP", "USB-MAIN_1", "", "R", 62.992, 62.992, 39.37, 39.37, 90],
		[179, "PAD64_1", 2820.63, 1037.79, "B", "DIP", "USB-MAIN_1", "", "R", 62.992, 62.992, 39.37, 39.37, 90],
		[180, "PAD65_2", 2820.63, 939.37, "T", "DIP", "USB-MAIN_2", "", "C", 62.992, 62.992, 39.37, 39.37, 90],
		[181, "PAD65_2", 2820.63, 939.37, "B", "DIP", "USB-MAIN_2", "", "C", 62.992, 62.992, 39.37, 39.37, 90],
		[182, "PAD66_3", 2820.63, 860.63, "T", "DIP", "USB-MAIN_3", "", "C", 62.992, 62.992, 39.37, 39.37, 90],
		[183, "PAD66_3", 2820.63, 860.63, "B", "DIP", "USB-MAIN_3", "", "C", 62.992, 62.992, 39.37, 39.37, 90],
		[184, "PAD67_4", 2820.63, 762.2, "T", "DIP", "GND", "GND", "C", 62.992, 62.992, 39.37, 39.37, 90],
		[185, "PAD67_4", 2820.63, 762.2, "B", "DIP", "GND", "GND", "C", 62.992, 62.992, 39.37, 39.37, 90]
	]
}
}